algorithm,combined_signature_bytes,component1_signature_max_bytes,component2_signature_max_bytes,iterations,reason,sign_microseconds_per_operation,sign_ops_per_second,sign_seconds,sign_time_ratio_vs_mldsa65,signature_bytes_ratio_vs_mldsa65,status,verify_microseconds_per_operation,verify_ops_per_second,verify_seconds,verify_time_ratio_vs_mldsa65
RSA-2048+ML-DSA-44,2676,256,2420,100000,,592.836,1686.807,59.283588000,1.476,0.809,confirmed,63.986,15628.333,6.398635000,0.87
P-256+ML-DSA-44,2492,72,2420,100000,,269.38,3712.227,26.938006000,0.671,0.753,confirmed,84.638,11815.059,8.463775000,1.151
RSA-2048+ML-DSA-65,3565,256,3309,100000,,743.593,1344.822,74.359259000,1.851,1.077,confirmed,83.514,11974.093,8.351363000,1.136
P-256+ML-DSA-65,3381,72,3309,100000,,422.341,2367.756,42.234073000,1.051,1.022,confirmed,112.752,8869.029,11.275192000,1.534
RSA-2048+ML-DSA-87,4883,256,4627,100000,,818.549,1221.675,81.854859000,2.037,1.476,confirmed,126.206,7923.583,12.620553000,1.717
P-256+ML-DSA-87,4699,72,4627,100000,,497.509,2010.012,49.750940000,1.238,1.42,confirmed,153.824,6500.935,15.382402000,2.092
P-256+Falcon-512,737,72,665,100000,,2151.132,464.872,215.113181000,5.354,0.223,confirmed,54.734,18270.136,5.473413000,0.744
