algorithm,status,reason,iterations,sign_seconds,verify_seconds,component1_signature_max_bytes,component2_signature_max_bytes,combined_signature_bytes
RSA-2048+ML-DSA-44,confirmed,,100000,59.283588000,6.398635000,256,2420,2676
P-256+ML-DSA-44,confirmed,,100000,26.938006000,8.463775000,72,2420,2492
RSA-2048+ML-DSA-65,confirmed,,100000,74.359259000,8.351363000,256,3309,3565
P-256+ML-DSA-65,confirmed,,100000,42.234073000,11.275192000,72,3309,3381
RSA-2048+ML-DSA-87,confirmed,,100000,81.854859000,12.620553000,256,4627,4883
P-256+ML-DSA-87,confirmed,,100000,49.750940000,15.382402000,72,4627,4699
P-256+Falcon-512,confirmed,,100000,215.113181000,5.473413000,72,665,737
