algorithm,status,reason,keygen_seconds,sign_seconds,verify_seconds,signature_bytes,iterations
RSA-2048/SHA-256,confirmed,,0.028965000,37.242536000,0.985560000,256,100000
P-256/SHA-256,confirmed,,0.000065000,1.368756000,3.579209000,72,100000
Ed25519,confirmed,,0.000054000,1.673355000,4.037800000,64,100000
ML-DSA-44,confirmed,,0.001041000,24.908217000,4.792310000,2420,100000
ML-DSA-65,confirmed,,0.000110000,40.175448000,7.352204000,3309,100000
ML-DSA-87,confirmed,,0.000146000,49.886808000,11.545769000,4627,100000
