algorithm,iterations,keygen_seconds,reason,sign_microseconds_per_operation,sign_ops_per_second,sign_seconds,sign_time_ratio_vs_rsa,signature_bytes,status,verify_microseconds_per_operation,verify_ops_per_second,verify_seconds,verify_time_ratio_vs_rsa
RSA-2048/SHA-256,100000,0.028965000,,372.425,2685.102,37.242536000,1.0,256,confirmed,9.856,101465.157,0.985560000,1.0
P-256/SHA-256,100000,0.000065000,,13.688,73059.04,1.368756000,0.037,72,confirmed,35.792,27939.134,3.579209000,3.632
Ed25519,100000,0.000054000,,16.734,59760.182,1.673355000,0.045,64,confirmed,40.378,24765.962,4.037800000,4.097
ML-DSA-44,100000,0.001041000,,249.082,4014.739,24.908217000,0.669,2420,confirmed,47.923,20866.764,4.792310000,4.863
ML-DSA-65,100000,0.000110000,,401.754,2489.082,40.175448000,1.079,3309,confirmed,73.522,13601.364,7.352204000,7.46
ML-DSA-87,100000,0.000146000,,498.868,2004.538,49.886808000,1.34,4627,confirmed,115.458,8661.181,11.545769000,11.715
